<?xml version="1.0" encoding="utf-8"?>
<extension type="module" version="5.0" client="site" method="upgrade">
    <name>Indicadores Economicos de Chile</name>
    <author>Carlos Jimenez-Gallardo</author>
	<creationDate>2025-01-10</creationDate> 
	<copyright>Copyright 2025-2030 by Innovate.</copyright>
	<license>GNU General Public License version 2 or later</license>
	<authorEmail>indicadores@innovate.cl</authorEmail> 
	<authorUrl>https://www.innovate.cl</authorUrl> 
    <version>1.2.0</version>
    <description>MOD_INDICADORES_DESC</description>
    
	<files>
        <filename module="mod_indicadores">mod_indicadores.php</filename>
        <filename>helper.php</filename>
        <filename>tmpl/default.php</filename>
        <filename>mod_indicadores.xml</filename>
    </files>
	
	<languages>
        <language tag="en-GB">languages/en-GB/en-GB.mod_indicadores.ini</language>
		<language tag="en-GB">languages/en-GB/en-GB.mod_indicadores.sys.ini</language>
		<language tag="es-ES">languages/es-ES/es-ES.mod_indicadores.ini</language>
		<language tag="es-ES">languages/es-ES/es-ES.mod_indicadores.sys.ini</language>
    </languages>
	 
	<updateservers>
		<server type="extension" priority="1" name="Indicadores Economicos de Chile Update">https://www.innovate.cl/update/mod_indicadores_chile_update.xml</server>
	</updateservers>
    
	<config>
        <fields name="params">
            <fieldset name="basic">
                <field
                    name="indicators"
                    type="checkboxes"
                    label="Seleccione indicadores"
                    description="Elija los índices a mostrar"
                    multiple="true"
                    >
                    <option value="uf">UF</option>
                    <option value="ivp">IVP</option>
                    <option value="dolar">Dólar Observado</option>
                    <option value="dolar_intercambio">Dólar Acuerdo</option>
                    <option value="euro">Euro</option>
                    <option value="ipc">IPC</option>
                    <option value="utm">UTM</option>
                    <option value="imacec">Imacec</option>
                    <option value="tpm">TPM</option>
                    <option value="libra_cobre">Libra de Cobre</option>
                    <option value="tasa_desempleo">Tasa de Desempleo</option>
                    <option value="bitcoin">Bitcoin</option>
                </field>
				<field
					name="display_mode"
					type="list"
					label="Modo de visualización"
					description="Seleccione cómo desea mostrar los datos: como tabla o texto desplazable (marquee).">
					<option value="table" selected="true">Tabla</option>
					<option value="marquee">Marquee</option>
				</field>
				<field
					name="marquee_delay"
					type="text"
					label="Delay del Marquee"
					description="Configure el tiempo de retraso del marquee en milisegundos (ejemplo: 1000 para 1 segundo)."
					default="10" />
            </fieldset>
        </fields>
    </config>
</extension>
